Campaign_ID,Campaign_Name,Campaign_Type,Target_Segment,Total_Contacts,Total_Responses,Response_Rate,Total_Conversions,Conversion_Rate,Unique_Customers,Total_Revenue,Total_Cost,Net_Revenue,ROI
1,Cashback Plus,Cashback,High Value,4927,1224,24.842703470671808,505,41.25816993464052,374,11867004.34,33485,11833519.34,35339.762102433924
2,Travel Rewards,Rewards,Premium,4945,1214,24.550050556117288,483,39.78583196046129,382,10725491.89,32937,10692554.89,32463.65755836901
3,Dining Rewards,Rewards,Standard,4978,1188,23.865006026516674,468,39.39393939393939,347,10519283.43,32825,10486458.43,31946.560335110433
4,Premium Upgrade,Upsell,Premium,5040,1305,25.892857142857146,510,39.08045977011494,389,10466406.48,33415,10432991.48,31222.47936555439
5,Balance Transfer,Balance Transfer,High Utilization,5000,1214,24.279999999999998,498,41.02141680395387,385,11533041.43,33085,11499956.43,34758.82251775729
6,Festival Cashback,Cashback,Standard,5061,1212,23.947836395969176,449,37.04620462046205,342,9383973.83,34287,9349686.83,27268.89733718319
7,Fuel Savings,Rewards,High Utilization,5087,1268,24.926282681344603,466,36.75078864353312,366,11611615.56,33404,11578211.56,34661.1530355646
8,Shopping Rewards,Rewards,High Value,4968,1252,25.201288244766506,491,39.21725239616614,369,10930040.48,33040,10897000.48,32981.236319612595
9,Credit Limit Increase,Credit Limit,High Utilization,4935,1206,24.437689969604865,478,39.63515754560531,349,9769698.82,33078,9736620.82,29435.33714251164
10,Digital Engagement,Engagement,Standard,5059,1325,26.19094682743625,535,40.37735849056604,413,11337736.17,33342,11304394.17,33904.36737448263
